,content
0,freeCodeCamp/freeCodeCamp
1,996icu/996.ICU
2,vuejs/vue
3,facebook/react
4,tensorflow/tensorflow
5,twbs/bootstrap
6,EbookFoundation/free-programming-books
7,sindresorhus/awesome
8,getify/You-Dont-Know-JS
9,ohmyzsh/ohmyzsh
10,jwasham/coding-interview-university
11,github/gitignore
12,kamranahmedse/developer-roadmap
13,airbnb/javascript
14,d3/d3
15,microsoft/vscode
16,CyC2018/CS-Notes
17,torvalds/linux
18,facebook/react-native
19,flutter/flutter
20,electron/electron
21,donnemartin/system-design-primer
22,vinta/awesome-python
23,facebook/create-react-app
24,jackfrued/Python-100-Days
25,axios/axios
26,public-apis/public-apis
27,golang/go
28,jlevy/the-art-of-command-line
29,nodejs/node
30,Snailclimb/JavaGuide
31,TheAlgorithms/Python
32,daneden/animate.css
33,FortAwesome/Font-Awesome
34,kubernetes/kubernetes
35,justjavac/free-programming-books-zh_CN
36,tensorflow/models
37,angular/angular.js
38,ytdl-org/youtube-dl
39,trekhleb/javascript-algorithms
40,mrdoob/three.js
41,danistefanovic/build-your-own-x
42,puppeteer/puppeteer
43,laravel/laravel
44,microsoft/TypeScript
45,moby/moby
46,microsoft/terminal
47,angular/angular
48,ant-design/ant-design
49,iluwatar/java-design-patterns
50,30-seconds/30-seconds-of-code
51,mui-org/material-ui
52,jquery/jquery
53,ossu/computer-science
54,webpack/webpack
55,reduxjs/redux
56,nvbn/thefuck
57,vuejs/awesome-vue
58,atom/atom
59,avelino/awesome-go
60,apple/swift
61,hakimel/reveal.js
62,socketio/socket.io
63,pallets/flask
64,Semantic-Org/Semantic-UI
65,expressjs/express
66,chartjs/Chart.js
67,PanJiaChen/vue-element-admin
68,elastic/elasticsearch
69,keras-team/keras
70,django/django
71,MisterBooo/LeetCodeAnimation
72,shadowsocks/shadowsocks-windows
73,chrislgarry/Apollo-11
74,jakubroztocil/httpie
75,rails/rails
76,typicode/json-server
77,spring-projects/spring-boot
78,storybookjs/storybook
79,h5bp/html5-boilerplate
80,netdata/netdata
81,zeit/next.js
82,h5bp/Front-end-Developer-Interview-Questions
83,moment/moment
84,josephmisiti/awesome-machine-learning
85,resume/resume.github.com
86,ElemeFE/element
87,lodash/lodash
88,adam-p/markdown-here
89,tonsky/FiraCode
90,bitcoin/bitcoin
91,meteor/meteor
92,ReactiveX/RxJava
93,rust-lang/rust
94,psf/requests
95,ansible/ansible
96,kdn251/interviews
97,gatsbyjs/gatsby
98,opencv/opencv
99,mtdvio/every-programmer-should-know
